,loss,conv,dataset,train acc micro,test acc micro,train acc macro,test acc macro,clf
0,no,no,Wisconsin,0.9829545454545454,0.9,0.9829545454545454,0.9,MLP
1,no,no,Texas,0.992248062015504,0.75,0.992248062015504,0.75,MLP
2,no,no,Texas,0.8682170542635659,0.6944444444444444,0.8682170542635659,0.6944444444444444,logreg
3,no,no,Wisconsin,0.8806818181818182,0.88,0.8806818181818182,0.88,logreg
4,HOPE_RPR,SAGE,Wisconsin,0.9715909090909092,0.92,0.9715909090909092,0.92,logreg
5,HOPE_RPR,SAGE,Texas,0.8914728682170543,0.7222222222222222,0.8914728682170543,0.7222222222222222,logreg
6,HOPE_RPR,SAGE,Texas,0.9689922480620154,0.7222222222222222,0.9689922480620154,0.7222222222222222,MLP
7,HOPE_RPR,SAGE,Wisconsin,0.9886363636363636,0.9,0.9886363636363636,0.9,MLP
